round,accuracy,loss
0,0.0913,2.319296640685842
1,0.432,1.9909113977528825
2,0.4575,1.4252280887169173
3,0.5678,1.3420872386497786
4,0.5999,1.0674726427355898
5,0.5339,1.279119295409963
6,0.5743,1.1078413702264618
7,0.5859,1.175959414319147
8,0.685,0.8561764540551584
9,0.7442,0.7236622715298133
10,0.7334,0.7183084363424326
