round,accuracy,loss
0,0.1006,2.301949715312523
1,0.5137,1.669289400305929
2,0.2938,1.9118510047091712
3,0.4856,1.5633844061742854
4,0.5296,1.3268807296511493
5,0.6103,1.041300304328339
6,0.5895,1.098686950116218
7,0.6901,0.8711398938034154
8,0.7054,0.8742213649085805
9,0.7229,0.9336625367780275
10,0.7565,0.6697252920911282
