round,accuracy,loss
0,0.079,2.3221226432655433
1,0.5578,1.7609836859039114
2,0.2742,2.0107123308543917
3,0.5155,1.6033603722536112
4,0.5027,1.5683277596401264
5,0.5859,1.1350910437257984
6,0.6425,1.0840178675289396
7,0.7364,0.7386047711855248
8,0.7012,0.8261248061928568
9,0.7019,0.7580018805552132
10,0.582,1.160445256323754
