round,accuracy,loss
0,0.1,2.305130475684057
1,0.3071,2.1438438816915584
2,0.5348,1.3114942749844323
3,0.5348,1.3396029095106488
4,0.6595,0.9086773501166815
5,0.6173,0.9958066842224025
6,0.686,1.0998551241959198
7,0.681,0.7914336685892902
8,0.7724,0.6032114787192284
9,0.7154,0.7455355645735052
10,0.7666,0.6748750707771205
