round,accuracy,loss
0,0.0944,2.303046268752859
1,0.5467,1.6944385600995413
2,0.5257,1.5803322188461884
3,0.6043,1.1338939138605624
4,0.6188,1.0856619567810735
5,0.7059,0.7732848276065875
6,0.8056,0.5216693165181558
7,0.772,0.6267415104033072
8,0.8438,0.432206635799589
9,0.7622,0.7162417003625556
10,0.7387,0.9309952115710778
