round,accuracy,loss
0,0.1077,2.3066285863707336
1,0.4514,1.6207467076144642
2,0.5814,1.088083245331728
3,0.5976,1.4951578876640224
4,0.6034,1.3277216176443463
5,0.7312,0.7361925614031055
6,0.7193,0.7237244014498554
7,0.7549,0.7522536791578124
8,0.7199,0.7920198184025439
9,0.7162,1.002165315271933
10,0.7779,0.5713150678556177
