round,accuracy,loss
0,0.1106,2.302354326731042
1,0.5346,1.4484558829778358
2,0.6506,0.9892932576469228
3,0.6921,0.8522460219226305
4,0.7301,0.7169517105138754
5,0.7091,1.0420556739915776
6,0.7602,0.649790299089649
7,0.8291,0.44861653164217746
8,0.7536,0.6894285614731945
9,0.8171,0.500696305232712
10,0.8369,0.4597771990148327
