round,accuracy,loss
0,0.1134,2.3015236945091924
1,0.3988,1.799574068829983
2,0.5162,1.3220658272127561
3,0.6925,0.887337361709981
4,0.6954,0.8457591465756863
5,0.7538,0.6510996331896963
6,0.7367,0.7873691094072559
7,0.7916,0.5728391812571997
8,0.7368,0.8213389530966554
9,0.7355,0.623003290423864
10,0.8119,0.5281531410881236
