round,accuracy,loss
0,0.1118,2.3148125304451472
1,0.5326,1.8021462612514254
2,0.5293,1.7800708269771142
3,0.4725,1.6877710004396076
4,0.6134,0.9770287245134764
5,0.6545,1.0488108140003831
6,0.7022,0.8760750150378747
7,0.6601,1.0762474778332287
8,0.7341,0.8545112232618695
9,0.7118,0.7746995691257187
10,0.7336,0.696707782488835
